<?xml version="1.0" encoding="UTF-8" ?>
<!DOCTYPE mapper PUBLIC "-//mybatis.org//DTD Mapper 3.0//EN" "http://mybatis.org/dtd/mybatis-3-mapper.dtd">
<mapper namespace="com.example.vuebackboard.api.repository.BoardMapper">

    <select id="findBoardList" parameterType="request" resultType="response">
        SELECT
            IDX,
            TITLE,
            CONTENTS,
            AUTHOR,
            CREATED_AT
        FROM
            BOARD
        WHERE
            1 = 1
            <!-- 검색 키워드가 있을 때 -->
            <if test="searchVal != null and searchVal != ''">
                <choose>
                    <!-- 검색 유형이 있을 때 -->
                    <when test="searchKey != null and searchKey != ''">
                        <choose>
                            <when test="'author'.equals( searchKey )">
                                AND AUTHOR LIKE CONCAT('%', #{searchVal}, '%')
                            </when>
                            <when test="'title'.equals( searchKey )">
                                AND TITLE LIKE CONCAT('%', #{searchVal}, '%')
                            </when>
                            <when test="'contents'.equals( searchKey )">
                                AND CONTENTS LIKE CONCAT('%', #{searchVal}, '%')
                            </when>
                        </choose>
                    </when>
                    <!-- 전체 검색일 때 때 -->
                    <otherwise>
                        AND (
                        AUTHOR LIKE CONCAT('%', #{searchVal}, '%')
                        OR TITLE LIKE CONCAT('%', #{searchVal}, '%')
                        OR CONTENTS LIKE CONCAT('%', #{searchVal}, '%')
                        )
                    </otherwise>
                </choose>
            </if>
    </select>

    <select id="findBoardById" parameterType="request" resultType="response">
        SELECT
            IDX,
            TITLE,
            CONTENTS,
            AUTHOR,
            CREATED_AT
        FROM
            BOARD
        WHERE
            IDX = #{idx}
    </select>

    <insert id="insertBoard" parameterType="request" useGeneratedKeys="true" keyProperty="idx">
        INSERT INTO
        BOARD
        (
            IDX,
            TITLE,
            CONTENTS,
            AUTHOR,
            CREATED_AT
        )
        VALUES
        (
            #{idx},
            #{title},
            #{contents},
            #{author},
            NOW()
        )
    </insert>

    <update id="updateBoard" parameterType="request">
        UPDATE
            BOARD
        SET
            TITLE = #{title},
            CONTENTS = #{contents},
            AUTHOR = #{author}
        WHERE
            IDX = #{idx}
    </update>

    <delete id="deleteBoard" parameterType="request">
        DELETE
        FROM
            BOARD
        WHERE
            IDX = #{idx}
    </delete>


</mapper>